task_number,task_id,old_mutant_idx,new_mutant_idx,stored_label_non_equivalent,baseline_label,repeat_label,strong_label,all_three_passes_match
4,Prob004_vector2,0,0,True,True,True,True,True
4,Prob004_vector2,1,1,False,False,False,False,True
4,Prob004_vector2,2,2,True,True,True,True,True
4,Prob004_vector2,3,3,True,True,True,True,True
4,Prob004_vector2,4,4,True,True,True,True,True
4,Prob004_vector2,5,5,True,True,True,True,True
4,Prob004_vector2,6,6,True,True,True,True,True
4,Prob004_vector2,7,7,True,True,True,True,True
4,Prob004_vector2,8,8,True,True,True,True,True
4,Prob004_vector2,9,9,True,True,True,True,True
5,Prob005_notgate,0,0,True,True,True,True,True
6,Prob006_vectorr,0,0,True,True,True,True,True
6,Prob006_vectorr,1,1,True,True,True,True,True
6,Prob006_vectorr,2,2,True,True,True,True,True
6,Prob006_vectorr,3,3,True,True,True,True,True
6,Prob006_vectorr,4,4,True,True,True,True,True
6,Prob006_vectorr,5,5,True,True,True,True,True
6,Prob006_vectorr,6,6,True,True,True,True,True
6,Prob006_vectorr,7,7,True,True,True,True,True
6,Prob006_vectorr,8,8,True,True,True,True,True
6,Prob006_vectorr,9,9,True,True,True,True,True
7,Prob007_wire,0,0,True,True,True,True,True
8,Prob008_m2014_q4h,0,0,True,True,True,True,True
9,Prob009_popcount3,0,0,True,True,True,True,True
9,Prob009_popcount3,1,1,True,True,True,True,True
9,Prob009_popcount3,2,2,True,True,True,True,True
9,Prob009_popcount3,3,3,True,True,True,True,True
9,Prob009_popcount3,4,4,True,True,True,True,True
9,Prob009_popcount3,5,5,True,True,True,True,True
9,Prob009_popcount3,6,6,True,True,True,True,True
9,Prob009_popcount3,7,7,True,True,True,True,True
9,Prob009_popcount3,8,8,True,True,True,True,True
9,Prob009_popcount3,9,9,True,True,True,True,True
10,Prob010_mt2015_q4a,0,0,True,True,True,True,True
10,Prob010_mt2015_q4a,1,1,True,True,True,True,True
10,Prob010_mt2015_q4a,2,2,True,True,True,True,True
10,Prob010_mt2015_q4a,3,3,True,True,True,True,True
10,Prob010_mt2015_q4a,4,4,True,True,True,True,True
11,Prob011_norgate,0,0,True,True,True,True,True
11,Prob011_norgate,1,1,True,True,True,True,True
11,Prob011_norgate,2,2,True,True,True,True,True
12,Prob012_xnorgate,0,0,True,True,True,True,True
12,Prob012_xnorgate,1,1,True,True,True,True,True
12,Prob012_xnorgate,2,2,True,True,True,True,True
13,Prob013_m2014_q4e,0,0,True,True,True,True,True
13,Prob013_m2014_q4e,1,1,True,True,True,True,True
13,Prob013_m2014_q4e,2,2,True,True,True,True,True
14,Prob014_andgate,0,0,True,True,True,True,True
14,Prob014_andgate,1,1,True,True,True,True,True
14,Prob014_andgate,2,2,True,True,True,True,True
15,Prob015_vector1,0,0,True,True,True,True,True
16,Prob016_m2014_q4j,0,0,True,True,True,True,True
16,Prob016_m2014_q4j,1,1,True,True,True,True,True
16,Prob016_m2014_q4j,2,2,True,True,True,True,True
17,Prob017_mux2to1v,0,0,True,True,True,True,True
18,Prob018_mux256to1,0,0,True,True,True,True,True
19,Prob019_m2014_q4f,0,0,True,True,True,True,True
19,Prob019_m2014_q4f,1,1,True,True,True,True,True
19,Prob019_m2014_q4f,2,2,True,True,True,True,True
20,Prob020_mt2015_eq2,0,0,True,True,True,True,True
20,Prob020_mt2015_eq2,1,1,True,True,True,True,True
20,Prob020_mt2015_eq2,2,2,True,True,True,True,True
20,Prob020_mt2015_eq2,3,3,True,True,True,True,True
20,Prob020_mt2015_eq2,4,4,True,True,True,True,True
20,Prob020_mt2015_eq2,5,5,True,True,True,True,True
20,Prob020_mt2015_eq2,6,6,True,True,True,True,True
20,Prob020_mt2015_eq2,7,7,True,True,True,True,True
21,Prob021_mux256to1v,0,0,True,True,True,True,True
21,Prob021_mux256to1v,1,1,True,True,True,True,True
21,Prob021_mux256to1v,2,2,True,True,True,True,True
21,Prob021_mux256to1v,3,3,True,True,True,True,True
21,Prob021_mux256to1v,4,4,True,True,True,True,True
21,Prob021_mux256to1v,5,5,True,True,True,True,True
21,Prob021_mux256to1v,6,6,True,True,True,True,True
21,Prob021_mux256to1v,7,7,True,True,True,True,True
21,Prob021_mux256to1v,8,8,True,True,True,True,True
21,Prob021_mux256to1v,9,9,True,True,True,True,True
22,Prob022_mux2to1,0,0,True,True,True,True,True
23,Prob023_vector100r,0,0,True,True,True,True,True
23,Prob023_vector100r,1,1,True,True,True,True,True
23,Prob023_vector100r,2,2,True,True,True,True,True
23,Prob023_vector100r,3,3,True,True,True,True,True
23,Prob023_vector100r,4,4,True,True,True,True,True
23,Prob023_vector100r,5,5,True,True,True,True,True
24,Prob024_hadd,0,0,True,True,True,True,True
24,Prob024_hadd,1,1,True,True,True,True,True
24,Prob024_hadd,2,2,True,True,True,True,True
25,Prob025_reduction,0,0,True,True,True,True,True
25,Prob025_reduction,1,1,True,True,True,True,True
25,Prob025_reduction,2,2,True,True,True,True,True
26,Prob026_alwaysblock1,0,0,True,True,True,True,True
26,Prob026_alwaysblock1,1,1,True,True,True,True,True
26,Prob026_alwaysblock1,2,2,True,True,True,True,True
26,Prob026_alwaysblock1,3,3,True,True,True,True,True
26,Prob026_alwaysblock1,4,4,True,True,True,True,True
27,Prob027_fadd,0,0,True,True,True,True,True
27,Prob027_fadd,1,1,True,True,True,True,True
27,Prob027_fadd,2,2,True,True,True,True,True
27,Prob027_fadd,3,3,True,True,True,True,True
27,Prob027_fadd,4,4,True,True,True,True,True
29,Prob029_m2014_q4g,0,0,True,True,True,True,True
29,Prob029_m2014_q4g,1,1,True,True,True,True,True
29,Prob029_m2014_q4g,2,2,True,True,True,True,True
29,Prob029_m2014_q4g,3,3,True,True,True,True,True
29,Prob029_m2014_q4g,4,4,True,True,True,True,True
30,Prob030_popcount255,0,0,True,True,True,True,True
30,Prob030_popcount255,1,1,True,True,True,True,True
30,Prob030_popcount255,2,2,True,True,True,True,True
30,Prob030_popcount255,3,3,True,True,True,True,True
30,Prob030_popcount255,4,4,True,True,True,True,True
30,Prob030_popcount255,5,5,True,True,True,True,True
30,Prob030_popcount255,6,6,True,True,True,True,True
32,Prob032_vector0,0,0,True,True,True,True,True
32,Prob032_vector0,1,1,True,True,True,True,True
33,Prob033_ece241_2014_q1c,0,0,True,True,True,True,True
33,Prob033_ece241_2014_q1c,1,1,True,True,True,True,True
33,Prob033_ece241_2014_q1c,2,2,True,True,True,True,True
33,Prob033_ece241_2014_q1c,3,3,True,True,True,True,True
33,Prob033_ece241_2014_q1c,4,4,True,True,True,True,True
33,Prob033_ece241_2014_q1c,5,5,True,True,True,True,True
33,Prob033_ece241_2014_q1c,6,6,False,False,False,False,True
33,Prob033_ece241_2014_q1c,7,7,False,False,False,False,True
33,Prob033_ece241_2014_q1c,8,8,True,True,True,True,True
33,Prob033_ece241_2014_q1c,9,9,True,True,True,True,True
35,Prob035_count1to10,0,0,True,True,True,True,True
35,Prob035_count1to10,1,1,True,True,True,True,True
35,Prob035_count1to10,2,2,True,True,True,True,True
35,Prob035_count1to10,3,3,True,True,True,True,True
35,Prob035_count1to10,4,4,True,True,True,True,True
35,Prob035_count1to10,5,5,True,True,True,True,True
35,Prob035_count1to10,6,6,True,True,True,True,True
35,Prob035_count1to10,7,7,True,True,True,True,True
36,Prob036_ringer,0,0,True,True,True,True,True
36,Prob036_ringer,1,1,True,True,True,True,True
36,Prob036_ringer,2,2,True,True,True,True,True
36,Prob036_ringer,3,3,True,True,True,True,True
36,Prob036_ringer,4,4,True,True,True,True,True
36,Prob036_ringer,5,5,True,True,True,True,True
37,Prob037_review2015_count1k,0,0,True,True,True,True,True
37,Prob037_review2015_count1k,1,1,True,True,True,True,True
37,Prob037_review2015_count1k,2,2,True,True,True,True,True
37,Prob037_review2015_count1k,3,3,True,True,True,True,True
37,Prob037_review2015_count1k,4,4,True,True,True,True,True
38,Prob038_count15,0,0,True,True,True,True,True
38,Prob038_count15,1,1,True,True,True,True,True
38,Prob038_count15,2,2,True,True,True,True,True
39,Prob039_always_if,0,0,True,True,True,True,True
39,Prob039_always_if,1,1,True,True,True,True,True
39,Prob039_always_if,2,2,True,True,True,True,True
39,Prob039_always_if,3,3,True,True,True,True,True
39,Prob039_always_if,4,4,True,True,True,True,True
40,Prob040_count10,0,0,True,True,True,True,True
40,Prob040_count10,1,1,True,True,True,True,True
40,Prob040_count10,2,2,True,True,True,True,True
40,Prob040_count10,3,3,True,True,True,True,True
40,Prob040_count10,4,4,True,True,True,True,True
40,Prob040_count10,5,5,True,True,True,True,True
40,Prob040_count10,6,6,True,True,True,True,True
41,Prob041_dff8r,0,0,True,True,True,True,True
42,Prob042_vector4,0,0,True,True,True,True,True
42,Prob042_vector4,1,1,False,False,False,False,True
42,Prob042_vector4,2,2,True,True,True,True,True
42,Prob042_vector4,3,3,True,True,True,True,True
42,Prob042_vector4,4,4,True,True,True,True,True
43,Prob043_vector5,0,0,True,True,True,True,True
43,Prob043_vector5,1,1,True,True,True,True,True
43,Prob043_vector5,2,2,True,True,True,True,True
43,Prob043_vector5,3,3,False,False,False,False,True
43,Prob043_vector5,4,4,True,True,True,True,True
43,Prob043_vector5,5,5,True,True,True,True,True
43,Prob043_vector5,6,6,True,True,True,True,True
43,Prob043_vector5,7,7,True,True,True,True,True
43,Prob043_vector5,8,8,True,True,True,True,True
43,Prob043_vector5,9,9,True,True,True,True,True
44,Prob044_vectorgates,0,0,True,True,True,True,True
44,Prob044_vectorgates,1,1,True,True,True,True,True
44,Prob044_vectorgates,2,2,True,True,True,True,True
44,Prob044_vectorgates,3,3,True,True,True,True,True
44,Prob044_vectorgates,4,4,True,True,True,True,True
44,Prob044_vectorgates,5,5,True,True,True,True,True
45,Prob045_edgedetect2,0,0,True,True,True,True,True
45,Prob045_edgedetect2,1,1,True,True,True,True,True
45,Prob045_edgedetect2,2,2,True,True,True,True,True
45,Prob045_edgedetect2,3,3,True,True,True,True,True
46,Prob046_dff8p,0,0,True,True,True,True,True
46,Prob046_dff8p,1,1,True,True,True,True,True
47,Prob047_dff8ar,0,0,True,True,True,True,True
48,Prob048_m2014_q4c,0,0,True,True,True,True,True
49,Prob049_m2014_q4b,0,0,True,True,True,True,True
50,Prob050_kmap1,0,0,True,True,True,True,True
50,Prob050_kmap1,1,1,True,True,True,True,True
50,Prob050_kmap1,2,2,True,True,True,True,True
50,Prob050_kmap1,3,3,True,True,True,True,True
50,Prob050_kmap1,4,4,True,True,True,True,True
51,Prob051_gates4,0,0,True,True,True,True,True
51,Prob051_gates4,1,1,True,True,True,True,True
51,Prob051_gates4,2,2,True,True,True,True,True
51,Prob051_gates4,3,3,True,True,True,True,True
51,Prob051_gates4,4,4,True,True,True,True,True
51,Prob051_gates4,5,5,True,True,True,True,True
51,Prob051_gates4,6,6,True,True,True,True,True
51,Prob051_gates4,7,7,True,True,True,True,True
51,Prob051_gates4,8,8,True,True,True,True,True
52,Prob052_gates100,0,0,True,True,True,True,True
52,Prob052_gates100,1,1,True,True,True,True,True
52,Prob052_gates100,2,2,True,True,True,True,True
52,Prob052_gates100,3,3,True,True,True,True,True
52,Prob052_gates100,4,4,True,True,True,True,True
52,Prob052_gates100,5,5,True,True,True,True,True
52,Prob052_gates100,6,6,True,True,True,True,True
52,Prob052_gates100,7,7,True,True,True,True,True
52,Prob052_gates100,8,8,True,True,True,True,True
53,Prob053_m2014_q4d,0,0,True,True,True,True,True
53,Prob053_m2014_q4d,1,1,True,True,True,True,True
53,Prob053_m2014_q4d,2,2,True,True,True,True,True
54,Prob054_edgedetect,0,0,True,True,True,True,True
54,Prob054_edgedetect,1,1,True,True,True,True,True
54,Prob054_edgedetect,2,2,True,True,True,True,True
54,Prob054_edgedetect,3,3,True,True,True,True,True
55,Prob055_conditional,0,0,True,True,True,True,True
55,Prob055_conditional,1,1,True,True,True,True,True
55,Prob055_conditional,2,2,True,True,True,True,True
56,Prob056_ece241_2013_q7,0,0,True,True,True,True,True
56,Prob056_ece241_2013_q7,1,1,True,True,True,True,True
56,Prob056_ece241_2013_q7,2,2,True,True,True,True,True
56,Prob056_ece241_2013_q7,3,3,True,True,True,True,True
56,Prob056_ece241_2013_q7,4,4,True,True,True,True,True
57,Prob057_kmap2,0,0,True,True,True,True,True
57,Prob057_kmap2,1,1,True,True,True,True,True
57,Prob057_kmap2,2,2,True,True,True,True,True
57,Prob057_kmap2,3,3,True,True,True,True,True
57,Prob057_kmap2,4,4,True,True,True,True,True
57,Prob057_kmap2,5,5,True,True,True,True,True
57,Prob057_kmap2,6,6,True,True,True,True,True
57,Prob057_kmap2,7,7,False,False,False,False,True
57,Prob057_kmap2,8,8,True,True,True,True,True
57,Prob057_kmap2,9,9,True,True,True,True,True
58,Prob058_alwaysblock2,0,0,True,True,True,True,True
58,Prob058_alwaysblock2,1,1,True,True,True,True,True
58,Prob058_alwaysblock2,2,2,True,True,True,True,True
58,Prob058_alwaysblock2,3,3,True,True,True,True,True
58,Prob058_alwaysblock2,4,4,True,True,True,True,True
58,Prob058_alwaysblock2,5,5,True,True,True,True,True
58,Prob058_alwaysblock2,6,6,True,True,True,True,True
59,Prob059_wire4,0,0,True,True,True,True,True
60,Prob060_m2014_q4k,0,0,True,True,True,True,True
60,Prob060_m2014_q4k,1,1,True,True,True,True,True
60,Prob060_m2014_q4k,2,2,True,True,True,True,True
60,Prob060_m2014_q4k,3,3,True,True,True,True,True
60,Prob060_m2014_q4k,4,4,True,True,True,True,True
60,Prob060_m2014_q4k,5,5,True,True,True,True,True
60,Prob060_m2014_q4k,6,6,True,True,True,True,True
62,Prob062_bugs_mux2,0,0,False,False,False,False,True
62,Prob062_bugs_mux2,1,1,False,False,False,False,True
62,Prob062_bugs_mux2,2,2,False,False,False,False,True
62,Prob062_bugs_mux2,3,3,False,False,False,False,True
62,Prob062_bugs_mux2,4,4,False,False,False,False,True
62,Prob062_bugs_mux2,5,5,False,False,False,False,True
62,Prob062_bugs_mux2,6,6,False,False,False,False,True
62,Prob062_bugs_mux2,7,7,True,True,True,True,True
63,Prob063_review2015_shiftcount,0,0,True,True,True,True,True
63,Prob063_review2015_shiftcount,1,1,True,True,True,True,True
63,Prob063_review2015_shiftcount,2,2,True,True,True,True,True
63,Prob063_review2015_shiftcount,3,3,True,True,True,True,True
63,Prob063_review2015_shiftcount,4,4,True,True,True,True,True
64,Prob064_vector3,0,0,True,True,True,True,True
64,Prob064_vector3,1,1,True,True,True,True,True
64,Prob064_vector3,2,2,True,True,True,True,True
65,Prob065_7420,0,0,True,True,True,True,True
65,Prob065_7420,1,1,True,True,True,True,True
65,Prob065_7420,2,2,True,True,True,True,True
65,Prob065_7420,3,3,True,True,True,True,True
65,Prob065_7420,4,4,True,True,True,True,True
65,Prob065_7420,5,5,True,True,True,True,True
66,Prob066_edgecapture,0,0,True,True,True,True,True
66,Prob066_edgecapture,1,1,True,True,True,True,True
66,Prob066_edgecapture,2,2,True,True,True,True,True
66,Prob066_edgecapture,3,3,True,True,True,True,True
66,Prob066_edgecapture,4,4,True,True,True,True,True
66,Prob066_edgecapture,5,5,True,True,True,True,True
67,Prob067_countslow,0,0,True,True,True,True,True
67,Prob067_countslow,1,1,True,True,True,True,True
67,Prob067_countslow,2,2,True,True,True,True,True
67,Prob067_countslow,3,3,True,True,True,True,True
68,Prob068_countbcd,0,0,True,True,True,True,True
68,Prob068_countbcd,1,1,True,True,True,True,True
68,Prob068_countbcd,2,2,True,True,True,True,True
68,Prob068_countbcd,3,3,True,True,True,True,True
68,Prob068_countbcd,4,4,True,True,True,True,True
68,Prob068_countbcd,5,5,True,True,True,True,True
68,Prob068_countbcd,6,6,True,True,True,True,True
68,Prob068_countbcd,7,7,True,True,True,True,True
68,Prob068_countbcd,8,8,True,True,True,True,True
68,Prob068_countbcd,9,9,True,True,True,True,True
69,Prob069_truthtable1,0,0,True,True,True,True,True
69,Prob069_truthtable1,1,1,True,True,True,True,True
69,Prob069_truthtable1,2,2,True,True,True,True,True
69,Prob069_truthtable1,3,3,True,True,True,True,True
69,Prob069_truthtable1,4,4,True,True,True,True,True
69,Prob069_truthtable1,5,5,False,False,False,False,True
69,Prob069_truthtable1,6,6,True,True,True,True,True
69,Prob069_truthtable1,7,7,True,True,True,True,True
69,Prob069_truthtable1,8,8,True,True,True,True,True
69,Prob069_truthtable1,9,9,True,True,True,True,True
70,Prob070_ece241_2013_q2,0,0,True,True,True,True,True
70,Prob070_ece241_2013_q2,1,1,True,True,True,True,True
70,Prob070_ece241_2013_q2,2,2,True,True,True,True,True
70,Prob070_ece241_2013_q2,3,3,True,True,True,True,True
70,Prob070_ece241_2013_q2,4,4,True,True,True,True,True
70,Prob070_ece241_2013_q2,5,5,True,True,True,True,True
70,Prob070_ece241_2013_q2,6,6,True,True,True,True,True
70,Prob070_ece241_2013_q2,7,7,True,True,True,True,True
70,Prob070_ece241_2013_q2,8,8,True,True,True,True,True
70,Prob070_ece241_2013_q2,9,9,True,True,True,True,True
71,Prob071_always_casez,0,0,True,True,True,True,True
71,Prob071_always_casez,1,1,True,True,True,True,True
71,Prob071_always_casez,2,2,True,True,True,True,True
71,Prob071_always_casez,3,3,True,True,True,True,True
71,Prob071_always_casez,4,4,True,True,True,True,True
71,Prob071_always_casez,5,5,True,True,True,True,True
71,Prob071_always_casez,6,6,True,True,True,True,True
71,Prob071_always_casez,7,7,True,True,True,True,True
71,Prob071_always_casez,8,8,True,True,True,True,True
71,Prob071_always_casez,9,9,True,True,True,True,True
72,Prob072_thermostat,0,0,True,True,True,True,True
72,Prob072_thermostat,1,1,True,True,True,True,True
72,Prob072_thermostat,2,2,True,True,True,True,True
72,Prob072_thermostat,3,3,True,True,True,True,True
72,Prob072_thermostat,4,4,True,True,True,True,True
72,Prob072_thermostat,5,5,True,True,True,True,True
72,Prob072_thermostat,6,6,True,True,True,True,True
72,Prob072_thermostat,7,7,True,True,True,True,True
72,Prob072_thermostat,8,8,True,True,True,True,True
73,Prob073_dff16e,0,0,True,True,True,True,True
73,Prob073_dff16e,1,1,True,True,True,True,True
73,Prob073_dff16e,2,2,True,True,True,True,True
73,Prob073_dff16e,3,3,True,True,True,True,True
73,Prob073_dff16e,4,4,True,True,True,True,True
73,Prob073_dff16e,5,5,True,True,True,True,True
73,Prob073_dff16e,6,6,True,True,True,True,True
73,Prob073_dff16e,7,7,True,True,True,True,True
73,Prob073_dff16e,8,8,True,True,True,True,True
73,Prob073_dff16e,9,9,True,True,True,True,True
74,Prob074_ece241_2014_q4,0,0,True,True,True,True,True
74,Prob074_ece241_2014_q4,1,1,True,True,True,True,True
74,Prob074_ece241_2014_q4,2,2,True,True,True,True,True
74,Prob074_ece241_2014_q4,3,3,True,True,True,True,True
74,Prob074_ece241_2014_q4,4,4,True,True,True,True,True
74,Prob074_ece241_2014_q4,5,5,True,True,True,True,True
74,Prob074_ece241_2014_q4,6,6,True,True,True,True,True
74,Prob074_ece241_2014_q4,7,7,True,True,True,True,True
74,Prob074_ece241_2014_q4,8,8,True,True,True,True,True
74,Prob074_ece241_2014_q4,9,9,True,True,True,True,True
75,Prob075_counter_2bc,0,0,True,True,True,True,True
75,Prob075_counter_2bc,1,1,True,True,True,True,True
75,Prob075_counter_2bc,2,2,True,True,True,True,True
75,Prob075_counter_2bc,3,3,True,True,True,True,True
75,Prob075_counter_2bc,4,4,True,True,True,True,True
75,Prob075_counter_2bc,5,5,True,True,True,True,True
75,Prob075_counter_2bc,6,6,True,True,True,True,True
75,Prob075_counter_2bc,7,7,True,True,True,True,True
75,Prob075_counter_2bc,8,8,True,True,True,True,True
75,Prob075_counter_2bc,9,9,True,True,True,True,True
76,Prob076_always_case,0,0,True,True,True,True,True
76,Prob076_always_case,1,1,True,True,True,True,True
76,Prob076_always_case,2,2,True,True,True,True,True
76,Prob076_always_case,3,3,True,True,True,True,True
76,Prob076_always_case,4,4,True,True,True,True,True
76,Prob076_always_case,5,5,True,True,True,True,True
76,Prob076_always_case,6,6,True,True,True,True,True
76,Prob076_always_case,7,7,True,True,True,True,True
76,Prob076_always_case,8,8,True,True,True,True,True
76,Prob076_always_case,9,9,True,True,True,True,True
77,Prob077_wire_decl,0,0,True,True,True,True,True
77,Prob077_wire_decl,1,1,True,True,True,True,True
77,Prob077_wire_decl,2,2,True,True,True,True,True
77,Prob077_wire_decl,3,3,True,True,True,True,True
77,Prob077_wire_decl,4,4,True,True,True,True,True
77,Prob077_wire_decl,5,5,True,True,True,True,True
77,Prob077_wire_decl,6,6,True,True,True,True,True
77,Prob077_wire_decl,7,7,True,True,True,True,True
77,Prob077_wire_decl,8,8,True,True,True,True,True
77,Prob077_wire_decl,9,9,True,True,True,True,True
79,Prob079_fsm3onehot,0,0,True,True,True,True,True
79,Prob079_fsm3onehot,1,1,True,True,True,True,True
79,Prob079_fsm3onehot,2,2,True,True,True,True,True
79,Prob079_fsm3onehot,3,3,True,True,True,True,True
79,Prob079_fsm3onehot,4,4,True,True,True,True,True
79,Prob079_fsm3onehot,5,5,True,True,True,True,True
79,Prob079_fsm3onehot,6,6,True,True,True,True,True
79,Prob079_fsm3onehot,7,7,True,True,True,True,True
79,Prob079_fsm3onehot,8,8,True,True,True,True,True
79,Prob079_fsm3onehot,9,9,True,True,True,True,True
80,Prob080_timer,0,0,True,True,True,True,True
80,Prob080_timer,1,1,True,True,True,True,True
80,Prob080_timer,2,2,True,True,True,True,True
80,Prob080_timer,3,3,True,True,True,True,True
80,Prob080_timer,4,4,True,True,True,True,True
80,Prob080_timer,5,5,True,True,True,True,True
80,Prob080_timer,6,6,True,True,True,True,True
80,Prob080_timer,7,7,True,True,True,True,True
80,Prob080_timer,8,8,True,True,True,True,True
80,Prob080_timer,9,9,True,True,True,True,True
81,Prob081_7458,0,0,True,True,True,True,True
81,Prob081_7458,1,1,True,True,True,True,True
81,Prob081_7458,2,2,True,True,True,True,True
81,Prob081_7458,3,3,True,True,True,True,True
81,Prob081_7458,4,4,True,True,True,True,True
81,Prob081_7458,5,5,True,True,True,True,True
81,Prob081_7458,6,6,True,True,True,True,True
81,Prob081_7458,7,7,True,True,True,True,True
81,Prob081_7458,8,8,True,True,True,True,True
81,Prob081_7458,9,9,True,True,True,True,True
82,Prob082_lfsr32,0,0,True,True,True,True,True
82,Prob082_lfsr32,1,1,True,True,True,True,True
82,Prob082_lfsr32,2,2,True,True,True,True,True
82,Prob082_lfsr32,3,3,True,True,True,True,True
82,Prob082_lfsr32,4,4,True,True,True,True,True
82,Prob082_lfsr32,5,5,True,True,True,True,True
82,Prob082_lfsr32,6,6,True,True,True,True,True
82,Prob082_lfsr32,7,7,True,True,True,True,True
82,Prob082_lfsr32,8,8,True,True,True,True,True
82,Prob082_lfsr32,9,9,True,True,True,True,True
83,Prob083_mt2015_q4b,0,0,True,True,True,True,True
83,Prob083_mt2015_q4b,1,1,True,True,True,True,True
83,Prob083_mt2015_q4b,2,2,True,True,True,True,True
84,Prob084_ece241_2013_q12,0,0,True,True,True,True,True
84,Prob084_ece241_2013_q12,1,1,True,True,True,True,True
84,Prob084_ece241_2013_q12,2,2,True,True,True,True,True
84,Prob084_ece241_2013_q12,3,3,True,True,True,True,True
84,Prob084_ece241_2013_q12,4,4,True,True,True,True,True
85,Prob085_shift4,0,0,True,True,True,True,True
85,Prob085_shift4,1,1,True,True,True,True,True
85,Prob085_shift4,2,2,True,True,True,True,True
85,Prob085_shift4,3,3,True,True,True,True,True
85,Prob085_shift4,4,4,True,True,True,True,True
86,Prob086_lfsr5,0,0,True,True,True,True,True
86,Prob086_lfsr5,1,1,True,True,True,True,True
86,Prob086_lfsr5,2,2,True,True,True,True,True
86,Prob086_lfsr5,3,3,True,True,True,True,True
86,Prob086_lfsr5,4,4,True,True,True,True,True
86,Prob086_lfsr5,5,5,True,True,True,True,True
86,Prob086_lfsr5,6,6,True,True,True,True,True
86,Prob086_lfsr5,7,7,True,True,True,True,True
86,Prob086_lfsr5,8,8,True,True,True,True,True
86,Prob086_lfsr5,9,9,True,True,True,True,True
87,Prob087_gates,0,0,True,True,True,True,True
87,Prob087_gates,1,1,True,True,True,True,True
87,Prob087_gates,2,2,True,True,True,True,True
87,Prob087_gates,3,3,True,True,True,True,True
87,Prob087_gates,4,4,True,True,True,True,True
87,Prob087_gates,5,5,True,True,True,True,True
87,Prob087_gates,6,6,True,True,True,True,True
87,Prob087_gates,7,7,True,True,True,True,True
87,Prob087_gates,8,8,True,True,True,True,True
87,Prob087_gates,9,9,True,True,True,True,True
88,Prob088_ece241_2014_q5b,0,0,True,True,True,True,True
88,Prob088_ece241_2014_q5b,1,1,True,True,True,True,True
88,Prob088_ece241_2014_q5b,2,2,True,True,True,True,True
88,Prob088_ece241_2014_q5b,3,3,True,True,True,True,True
88,Prob088_ece241_2014_q5b,4,4,True,True,True,True,True
88,Prob088_ece241_2014_q5b,5,5,True,True,True,True,True
88,Prob088_ece241_2014_q5b,6,6,True,True,True,True,True
88,Prob088_ece241_2014_q5b,7,7,True,True,True,True,True
88,Prob088_ece241_2014_q5b,8,8,True,True,True,True,True
88,Prob088_ece241_2014_q5b,9,9,True,True,True,True,True
89,Prob089_ece241_2014_q5a,0,0,True,True,True,True,True
89,Prob089_ece241_2014_q5a,1,1,True,True,True,True,True
89,Prob089_ece241_2014_q5a,2,2,True,True,True,True,True
89,Prob089_ece241_2014_q5a,3,3,True,True,True,True,True
89,Prob089_ece241_2014_q5a,4,4,True,True,True,True,True
89,Prob089_ece241_2014_q5a,5,5,True,True,True,True,True
89,Prob089_ece241_2014_q5a,6,6,True,True,True,True,True
89,Prob089_ece241_2014_q5a,7,7,True,True,True,True,True
90,Prob090_circuit1,0,0,True,True,True,True,True
90,Prob090_circuit1,1,1,True,True,True,True,True
90,Prob090_circuit1,2,2,True,True,True,True,True
91,Prob091_2012_q2b,0,0,True,True,True,True,True
91,Prob091_2012_q2b,1,1,True,True,True,True,True
91,Prob091_2012_q2b,2,2,True,True,True,True,True
91,Prob091_2012_q2b,3,3,True,True,True,True,True
91,Prob091_2012_q2b,4,4,True,True,True,True,True
91,Prob091_2012_q2b,5,5,True,True,True,True,True
91,Prob091_2012_q2b,6,6,True,True,True,True,True
91,Prob091_2012_q2b,7,7,True,True,True,True,True
91,Prob091_2012_q2b,8,8,True,True,True,True,True
91,Prob091_2012_q2b,9,9,True,True,True,True,True
92,Prob092_gatesv100,0,0,True,True,True,True,True
92,Prob092_gatesv100,1,1,True,True,True,True,True
92,Prob092_gatesv100,2,2,True,True,True,True,True
92,Prob092_gatesv100,3,3,True,True,True,True,True
92,Prob092_gatesv100,4,4,True,True,True,True,True
92,Prob092_gatesv100,5,5,True,True,True,True,True
92,Prob092_gatesv100,6,6,True,True,True,True,True
92,Prob092_gatesv100,7,7,True,True,True,True,True
92,Prob092_gatesv100,8,8,True,True,True,True,True
92,Prob092_gatesv100,9,9,False,False,False,False,True
93,Prob093_ece241_2014_q3,0,0,True,True,True,True,True
93,Prob093_ece241_2014_q3,1,1,True,True,True,True,True
93,Prob093_ece241_2014_q3,2,2,True,True,True,True,True
93,Prob093_ece241_2014_q3,3,3,True,True,True,True,True
93,Prob093_ece241_2014_q3,4,4,True,True,True,True,True
93,Prob093_ece241_2014_q3,5,5,True,True,True,True,True
93,Prob093_ece241_2014_q3,6,6,True,True,True,True,True
93,Prob093_ece241_2014_q3,7,7,True,True,True,True,True
93,Prob093_ece241_2014_q3,8,8,True,True,True,True,True
93,Prob093_ece241_2014_q3,9,9,True,True,True,True,True
94,Prob094_gatesv,0,0,True,True,True,True,True
94,Prob094_gatesv,1,1,True,True,True,True,True
94,Prob094_gatesv,2,2,True,True,True,True,True
94,Prob094_gatesv,3,3,True,True,True,True,True
94,Prob094_gatesv,4,4,True,True,True,True,True
94,Prob094_gatesv,5,5,True,True,True,True,True
94,Prob094_gatesv,6,6,True,True,True,True,True
94,Prob094_gatesv,7,7,False,False,False,False,True
94,Prob094_gatesv,8,8,True,True,True,True,True
94,Prob094_gatesv,9,9,True,True,True,True,True
95,Prob095_review2015_fsmshift,0,0,True,True,True,True,True
95,Prob095_review2015_fsmshift,1,1,True,True,True,True,True
95,Prob095_review2015_fsmshift,2,2,True,True,True,True,True
95,Prob095_review2015_fsmshift,3,3,True,True,True,True,True
95,Prob095_review2015_fsmshift,4,4,True,True,True,True,True
95,Prob095_review2015_fsmshift,5,5,True,True,True,True,True
95,Prob095_review2015_fsmshift,6,6,True,True,True,True,True
95,Prob095_review2015_fsmshift,7,7,True,True,True,True,True
95,Prob095_review2015_fsmshift,8,8,True,True,True,True,True
95,Prob095_review2015_fsmshift,9,9,True,True,True,True,True
96,Prob096_review2015_fsmseq,0,0,True,True,True,True,True
96,Prob096_review2015_fsmseq,1,1,True,True,True,True,True
96,Prob096_review2015_fsmseq,2,2,True,True,True,True,True
96,Prob096_review2015_fsmseq,3,3,True,True,True,True,True
96,Prob096_review2015_fsmseq,4,4,True,True,True,True,True
96,Prob096_review2015_fsmseq,5,5,True,True,True,True,True
96,Prob096_review2015_fsmseq,6,6,True,True,True,True,True
96,Prob096_review2015_fsmseq,7,7,True,True,True,True,True
96,Prob096_review2015_fsmseq,8,8,True,True,True,True,True
96,Prob096_review2015_fsmseq,9,9,True,True,True,True,True
99,Prob099_m2014_q6c,0,0,True,True,True,True,True
99,Prob099_m2014_q6c,1,1,True,True,True,True,True
99,Prob099_m2014_q6c,2,2,True,True,True,True,True
99,Prob099_m2014_q6c,3,3,True,True,True,True,True
99,Prob099_m2014_q6c,4,4,True,True,True,True,True
99,Prob099_m2014_q6c,5,5,True,True,True,True,True
99,Prob099_m2014_q6c,6,6,True,True,True,True,True
99,Prob099_m2014_q6c,7,7,True,True,True,True,True
99,Prob099_m2014_q6c,8,8,True,True,True,True,True
99,Prob099_m2014_q6c,9,9,True,True,True,True,True
100,Prob100_fsm3comb,0,0,True,True,True,True,True
100,Prob100_fsm3comb,1,1,True,True,True,True,True
100,Prob100_fsm3comb,2,2,True,True,True,True,True
100,Prob100_fsm3comb,3,3,True,True,True,True,True
100,Prob100_fsm3comb,4,4,True,True,True,True,True
100,Prob100_fsm3comb,5,5,True,True,True,True,True
100,Prob100_fsm3comb,6,6,True,True,True,True,True
100,Prob100_fsm3comb,7,7,True,True,True,True,True
100,Prob100_fsm3comb,8,8,True,True,True,True,True
101,Prob101_circuit4,0,0,True,True,True,True,True
101,Prob101_circuit4,1,1,True,True,True,True,True
101,Prob101_circuit4,2,2,True,True,True,True,True
102,Prob102_circuit3,0,0,True,True,True,True,True
102,Prob102_circuit3,1,1,True,True,True,True,True
102,Prob102_circuit3,2,2,True,True,True,True,True
102,Prob102_circuit3,3,3,True,True,True,True,True
102,Prob102_circuit3,4,4,True,True,True,True,True
102,Prob102_circuit3,5,5,True,True,True,True,True
102,Prob102_circuit3,6,6,True,True,True,True,True
103,Prob103_circuit2,0,0,True,True,True,True,True
103,Prob103_circuit2,1,1,True,True,True,True,True
103,Prob103_circuit2,2,2,True,True,True,True,True
103,Prob103_circuit2,3,3,True,True,True,True,True
103,Prob103_circuit2,4,4,True,True,True,True,True
103,Prob103_circuit2,5,5,True,True,True,True,True
103,Prob103_circuit2,6,6,True,True,True,True,True
105,Prob105_rotate100,0,0,True,True,True,True,True
105,Prob105_rotate100,1,1,True,True,True,True,True
105,Prob105_rotate100,2,2,True,True,True,True,True
105,Prob105_rotate100,3,3,True,True,True,True,True
105,Prob105_rotate100,4,4,True,True,True,True,True
105,Prob105_rotate100,5,5,True,True,True,True,True
105,Prob105_rotate100,6,6,True,True,True,True,True
105,Prob105_rotate100,7,7,True,True,True,True,True
105,Prob105_rotate100,8,8,True,True,True,True,True
105,Prob105_rotate100,9,9,True,True,True,True,True
106,Prob106_always_nolatches,0,0,True,True,True,True,True
106,Prob106_always_nolatches,1,1,True,True,True,True,True
106,Prob106_always_nolatches,2,2,False,False,False,False,True
106,Prob106_always_nolatches,3,3,False,False,False,False,True
106,Prob106_always_nolatches,4,4,False,False,False,False,True
106,Prob106_always_nolatches,5,5,False,False,False,False,True
106,Prob106_always_nolatches,6,6,True,True,True,True,True
106,Prob106_always_nolatches,7,7,True,True,True,True,True
107,Prob107_fsm1s,0,0,True,True,True,True,True
107,Prob107_fsm1s,1,1,True,True,True,True,True
107,Prob107_fsm1s,2,2,True,True,True,True,True
107,Prob107_fsm1s,3,3,True,True,True,True,True
107,Prob107_fsm1s,4,4,True,True,True,True,True
108,Prob108_rule90,0,0,True,True,True,True,True
108,Prob108_rule90,1,1,True,True,True,True,True
108,Prob108_rule90,2,2,True,True,True,True,True
108,Prob108_rule90,3,3,True,True,True,True,True
108,Prob108_rule90,4,4,True,True,True,True,True
108,Prob108_rule90,5,5,True,True,True,True,True
108,Prob108_rule90,6,6,True,True,True,True,True
108,Prob108_rule90,7,7,True,True,True,True,True
108,Prob108_rule90,8,8,True,True,True,True,True
109,Prob109_fsm1,0,0,True,True,True,True,True
109,Prob109_fsm1,1,1,True,True,True,True,True
109,Prob109_fsm1,2,2,True,True,True,True,True
109,Prob109_fsm1,3,3,True,True,True,True,True
109,Prob109_fsm1,4,4,True,True,True,True,True
110,Prob110_fsm2,0,0,True,True,True,True,True
110,Prob110_fsm2,1,1,True,True,True,True,True
110,Prob110_fsm2,2,2,True,True,True,True,True
110,Prob110_fsm2,3,3,True,True,True,True,True
110,Prob110_fsm2,4,4,True,True,True,True,True
111,Prob111_fsm2s,0,0,True,True,True,True,True
111,Prob111_fsm2s,1,1,True,True,True,True,True
111,Prob111_fsm2s,2,2,True,True,True,True,True
111,Prob111_fsm2s,3,3,True,True,True,True,True
111,Prob111_fsm2s,4,4,True,True,True,True,True
112,Prob112_always_case2,0,0,False,False,False,False,True
112,Prob112_always_case2,1,1,True,True,True,True,True
112,Prob112_always_case2,2,2,True,True,True,True,True
112,Prob112_always_case2,3,3,True,True,True,True,True
112,Prob112_always_case2,4,4,False,False,False,False,True
112,Prob112_always_case2,5,5,False,False,False,False,True
112,Prob112_always_case2,6,6,True,True,True,True,True
112,Prob112_always_case2,7,7,True,True,True,True,True
112,Prob112_always_case2,8,8,True,True,True,True,True
112,Prob112_always_case2,9,9,True,True,True,True,True
113,Prob113_2012_q1g,0,0,True,True,True,True,True
113,Prob113_2012_q1g,1,1,True,True,True,True,True
113,Prob113_2012_q1g,2,2,False,False,False,False,True
113,Prob113_2012_q1g,3,3,True,True,True,True,True
113,Prob113_2012_q1g,4,4,True,True,True,True,True
113,Prob113_2012_q1g,5,5,True,True,True,True,True
113,Prob113_2012_q1g,6,6,False,False,False,False,True
113,Prob113_2012_q1g,7,7,False,False,False,False,True
113,Prob113_2012_q1g,8,8,True,True,True,True,True
113,Prob113_2012_q1g,9,9,True,True,True,True,True
114,Prob114_bugs_case,0,0,True,True,True,True,True
114,Prob114_bugs_case,1,1,True,True,True,True,True
114,Prob114_bugs_case,2,2,True,True,True,True,True
114,Prob114_bugs_case,3,3,True,True,True,True,True
114,Prob114_bugs_case,4,4,True,True,True,True,True
114,Prob114_bugs_case,5,5,True,True,True,True,True
114,Prob114_bugs_case,6,6,True,True,True,True,True
114,Prob114_bugs_case,7,7,True,True,True,True,True
114,Prob114_bugs_case,8,8,True,True,True,True,True
114,Prob114_bugs_case,9,9,True,True,True,True,True
115,Prob115_shift18,0,0,True,True,True,True,True
115,Prob115_shift18,1,1,True,True,True,True,True
115,Prob115_shift18,2,2,True,True,True,True,True
115,Prob115_shift18,3,3,True,True,True,True,True
115,Prob115_shift18,4,4,True,True,True,True,True
115,Prob115_shift18,5,5,True,True,True,True,True
115,Prob115_shift18,6,6,True,True,True,True,True
115,Prob115_shift18,7,7,True,True,True,True,True
115,Prob115_shift18,8,8,True,True,True,True,True
115,Prob115_shift18,9,9,True,True,True,True,True
116,Prob116_m2014_q3,0,0,False,False,False,False,True
116,Prob116_m2014_q3,1,1,True,True,True,True,True
116,Prob116_m2014_q3,2,2,False,False,False,False,True
116,Prob116_m2014_q3,3,3,True,True,True,True,True
116,Prob116_m2014_q3,4,4,True,True,True,True,True
116,Prob116_m2014_q3,5,5,True,True,True,True,True
116,Prob116_m2014_q3,6,6,True,True,True,True,True
116,Prob116_m2014_q3,7,7,True,True,True,True,True
116,Prob116_m2014_q3,8,8,True,True,True,True,True
116,Prob116_m2014_q3,9,9,True,True,True,True,True
117,Prob117_circuit9,0,0,True,True,True,True,True
117,Prob117_circuit9,1,1,True,True,True,True,True
117,Prob117_circuit9,2,2,True,True,True,True,True
117,Prob117_circuit9,3,3,True,True,True,True,True
117,Prob117_circuit9,4,4,True,True,True,True,True
117,Prob117_circuit9,5,5,True,True,True,True,True
117,Prob117_circuit9,6,6,True,True,True,True,True
117,Prob117_circuit9,7,7,True,True,True,True,True
117,Prob117_circuit9,8,8,True,True,True,True,True
118,Prob118_history_shift,0,0,True,True,True,True,True
119,Prob119_fsm3,0,0,True,True,True,True,True
119,Prob119_fsm3,1,1,True,True,True,True,True
119,Prob119_fsm3,2,2,True,True,True,True,True
119,Prob119_fsm3,3,3,True,True,True,True,True
119,Prob119_fsm3,4,4,True,True,True,True,True
119,Prob119_fsm3,5,5,True,True,True,True,True
119,Prob119_fsm3,6,6,True,True,True,True,True
119,Prob119_fsm3,7,7,True,True,True,True,True
119,Prob119_fsm3,8,8,True,True,True,True,True
119,Prob119_fsm3,9,9,True,True,True,True,True
120,Prob120_fsm3s,0,0,True,True,True,True,True
120,Prob120_fsm3s,1,1,True,True,True,True,True
120,Prob120_fsm3s,2,2,True,True,True,True,True
120,Prob120_fsm3s,3,3,True,True,True,True,True
120,Prob120_fsm3s,4,4,True,True,True,True,True
120,Prob120_fsm3s,5,5,True,True,True,True,True
120,Prob120_fsm3s,6,6,True,True,True,True,True
120,Prob120_fsm3s,7,7,True,True,True,True,True
120,Prob120_fsm3s,8,8,True,True,True,True,True
120,Prob120_fsm3s,9,9,True,True,True,True,True
121,Prob121_2014_q3bfsm,0,0,True,True,True,True,True
121,Prob121_2014_q3bfsm,1,1,True,True,True,True,True
121,Prob121_2014_q3bfsm,2,2,True,True,True,True,True
121,Prob121_2014_q3bfsm,3,3,True,True,True,True,True
121,Prob121_2014_q3bfsm,4,4,True,True,True,True,True
121,Prob121_2014_q3bfsm,5,5,True,True,True,True,True
121,Prob121_2014_q3bfsm,6,6,True,True,True,True,True
121,Prob121_2014_q3bfsm,7,7,True,True,True,True,True
121,Prob121_2014_q3bfsm,8,8,True,True,True,True,True
121,Prob121_2014_q3bfsm,9,9,True,True,True,True,True
122,Prob122_kmap4,0,0,True,True,True,True,True
122,Prob122_kmap4,1,1,True,True,True,True,True
122,Prob122_kmap4,2,2,True,True,True,True,True
122,Prob122_kmap4,3,3,True,True,True,True,True
122,Prob122_kmap4,4,4,True,True,True,True,True
122,Prob122_kmap4,5,5,True,True,True,True,True
122,Prob122_kmap4,6,6,False,False,False,False,True
122,Prob122_kmap4,7,7,True,True,True,True,True
122,Prob122_kmap4,8,8,True,True,True,True,True
122,Prob122_kmap4,9,9,True,True,True,True,True
123,Prob123_bugs_addsubz,0,0,True,True,True,True,True
123,Prob123_bugs_addsubz,1,1,True,True,True,True,True
123,Prob123_bugs_addsubz,2,2,True,True,True,True,True
123,Prob123_bugs_addsubz,3,3,True,True,True,True,True
123,Prob123_bugs_addsubz,4,4,True,True,True,True,True
123,Prob123_bugs_addsubz,5,5,True,True,True,True,True
123,Prob123_bugs_addsubz,6,6,True,True,True,True,True
123,Prob123_bugs_addsubz,7,7,True,True,True,True,True
123,Prob123_bugs_addsubz,8,8,True,True,True,True,True
124,Prob124_rule110,0,0,True,True,True,True,True
124,Prob124_rule110,1,1,True,True,True,True,True
124,Prob124_rule110,2,2,True,True,True,True,True
124,Prob124_rule110,3,3,True,True,True,True,True
124,Prob124_rule110,4,4,True,True,True,True,True
124,Prob124_rule110,5,5,True,True,True,True,True
124,Prob124_rule110,6,6,True,True,True,True,True
124,Prob124_rule110,7,7,True,True,True,True,True
124,Prob124_rule110,8,8,True,True,True,True,True
124,Prob124_rule110,9,9,True,True,True,True,True
125,Prob125_kmap3,0,0,True,True,True,True,True
125,Prob125_kmap3,1,1,True,True,True,True,True
125,Prob125_kmap3,2,2,False,False,False,False,True
125,Prob125_kmap3,3,3,True,True,True,True,True
125,Prob125_kmap3,4,4,False,False,False,False,True
125,Prob125_kmap3,5,5,False,False,False,False,True
125,Prob125_kmap3,6,6,True,True,True,True,True
125,Prob125_kmap3,7,7,True,True,True,True,True
125,Prob125_kmap3,8,8,True,True,True,True,True
125,Prob125_kmap3,9,9,True,True,True,True,True
126,Prob126_circuit6,0,0,True,True,True,True,True
126,Prob126_circuit6,1,1,True,True,True,True,True
126,Prob126_circuit6,2,2,True,True,True,True,True
126,Prob126_circuit6,3,3,True,True,True,True,True
126,Prob126_circuit6,4,4,True,True,True,True,True
126,Prob126_circuit6,5,5,True,True,True,True,True
126,Prob126_circuit6,6,6,True,True,True,True,True
126,Prob126_circuit6,7,7,True,True,True,True,True
126,Prob126_circuit6,8,8,True,True,True,True,True
126,Prob126_circuit6,9,9,True,True,True,True,True
127,Prob127_lemmings1,0,0,True,True,True,True,True
127,Prob127_lemmings1,1,1,True,True,True,True,True
127,Prob127_lemmings1,2,2,True,True,True,True,True
127,Prob127_lemmings1,3,3,True,True,True,True,True
127,Prob127_lemmings1,4,4,True,True,True,True,True
127,Prob127_lemmings1,5,5,True,True,True,True,True
127,Prob127_lemmings1,6,6,True,True,True,True,True
128,Prob128_fsm_ps2,0,0,True,True,True,True,True
128,Prob128_fsm_ps2,1,1,True,True,True,True,True
128,Prob128_fsm_ps2,2,2,True,True,True,True,True
128,Prob128_fsm_ps2,3,3,True,True,True,True,True
128,Prob128_fsm_ps2,4,4,True,True,True,True,True
128,Prob128_fsm_ps2,5,5,True,True,True,True,True
128,Prob128_fsm_ps2,6,6,True,True,True,True,True
128,Prob128_fsm_ps2,7,7,True,True,True,True,True
128,Prob128_fsm_ps2,8,8,True,True,True,True,True
128,Prob128_fsm_ps2,9,9,True,True,True,True,True
129,Prob129_ece241_2013_q8,0,0,True,True,True,True,True
129,Prob129_ece241_2013_q8,1,1,True,True,True,True,True
130,Prob130_circuit5,0,0,True,True,True,True,True
130,Prob130_circuit5,1,1,True,True,True,True,True
130,Prob130_circuit5,2,2,True,True,True,True,True
130,Prob130_circuit5,3,3,True,True,True,True,True
130,Prob130_circuit5,4,4,True,True,True,True,True
130,Prob130_circuit5,5,5,True,True,True,True,True
130,Prob130_circuit5,6,6,True,True,True,True,True
130,Prob130_circuit5,7,7,True,True,True,True,True
130,Prob130_circuit5,8,8,True,True,True,True,True
131,Prob131_mt2015_q4,0,0,True,True,True,True,True
131,Prob131_mt2015_q4,1,1,True,True,True,True,True
131,Prob131_mt2015_q4,2,2,True,True,True,True,True
132,Prob132_always_if2,0,0,True,True,True,True,True
132,Prob132_always_if2,1,1,True,True,True,True,True
132,Prob132_always_if2,2,2,True,True,True,True,True
132,Prob132_always_if2,3,3,True,True,True,True,True
133,Prob133_2014_q3fsm,0,0,True,True,True,True,True
133,Prob133_2014_q3fsm,1,1,True,True,True,True,True
133,Prob133_2014_q3fsm,2,2,True,True,True,True,True
133,Prob133_2014_q3fsm,3,3,True,True,True,True,True
133,Prob133_2014_q3fsm,4,4,True,True,True,True,True
133,Prob133_2014_q3fsm,5,5,True,True,True,True,True
133,Prob133_2014_q3fsm,6,6,True,True,True,True,True
133,Prob133_2014_q3fsm,7,7,True,True,True,True,True
133,Prob133_2014_q3fsm,8,8,True,True,True,True,True
133,Prob133_2014_q3fsm,9,9,True,True,True,True,True
134,Prob134_2014_q3c,0,0,True,True,True,True,True
134,Prob134_2014_q3c,1,1,True,True,True,True,True
134,Prob134_2014_q3c,2,2,True,True,True,True,True
134,Prob134_2014_q3c,3,3,True,True,True,True,True
134,Prob134_2014_q3c,4,4,True,True,True,True,True
134,Prob134_2014_q3c,5,5,True,True,True,True,True
134,Prob134_2014_q3c,6,6,True,True,True,True,True
134,Prob134_2014_q3c,7,7,True,True,True,True,True
134,Prob134_2014_q3c,8,8,True,True,True,True,True
134,Prob134_2014_q3c,9,9,True,True,True,True,True
135,Prob135_m2014_q6b,0,0,True,True,True,True,True
135,Prob135_m2014_q6b,1,1,True,True,True,True,True
135,Prob135_m2014_q6b,2,2,True,True,True,True,True
135,Prob135_m2014_q6b,3,3,True,True,True,True,True
135,Prob135_m2014_q6b,4,4,True,True,True,True,True
135,Prob135_m2014_q6b,5,5,True,True,True,True,True
135,Prob135_m2014_q6b,6,6,True,True,True,True,True
135,Prob135_m2014_q6b,7,7,True,True,True,True,True
135,Prob135_m2014_q6b,8,8,True,True,True,True,True
135,Prob135_m2014_q6b,9,9,True,True,True,True,True
136,Prob136_m2014_q6,0,0,True,True,True,True,True
136,Prob136_m2014_q6,1,1,True,True,True,True,True
136,Prob136_m2014_q6,2,2,True,True,True,True,True
136,Prob136_m2014_q6,3,3,True,True,True,True,True
136,Prob136_m2014_q6,4,4,True,True,True,True,True
136,Prob136_m2014_q6,5,5,True,True,True,True,True
136,Prob136_m2014_q6,6,6,True,True,True,True,True
136,Prob136_m2014_q6,7,7,True,True,True,True,True
136,Prob136_m2014_q6,8,8,True,True,True,True,True
136,Prob136_m2014_q6,9,9,True,True,True,True,True
137,Prob137_fsm_serial,0,0,True,True,True,True,True
137,Prob137_fsm_serial,2,1,True,True,True,True,True
137,Prob137_fsm_serial,3,2,True,True,True,True,True
138,Prob138_2012_q2fsm,0,0,True,True,True,True,True
138,Prob138_2012_q2fsm,1,1,True,True,True,True,True
138,Prob138_2012_q2fsm,2,2,True,True,True,True,True
138,Prob138_2012_q2fsm,3,3,True,True,True,True,True
138,Prob138_2012_q2fsm,4,4,True,True,True,True,True
138,Prob138_2012_q2fsm,5,5,True,True,True,True,True
138,Prob138_2012_q2fsm,6,6,True,True,True,True,True
138,Prob138_2012_q2fsm,7,7,True,True,True,True,True
138,Prob138_2012_q2fsm,8,8,True,True,True,True,True
138,Prob138_2012_q2fsm,9,9,True,True,True,True,True
139,Prob139_2013_q2bfsm,0,0,True,True,True,True,True
139,Prob139_2013_q2bfsm,1,1,True,True,True,True,True
139,Prob139_2013_q2bfsm,2,2,True,True,True,True,True
139,Prob139_2013_q2bfsm,3,3,True,True,True,True,True
139,Prob139_2013_q2bfsm,4,4,True,True,True,True,True
139,Prob139_2013_q2bfsm,5,5,True,True,True,True,True
139,Prob139_2013_q2bfsm,6,6,True,True,True,True,True
139,Prob139_2013_q2bfsm,7,7,True,True,True,True,True
139,Prob139_2013_q2bfsm,8,8,True,True,True,True,True
139,Prob139_2013_q2bfsm,9,9,True,True,True,True,True
140,Prob140_fsm_hdlc,0,0,True,True,True,True,True
140,Prob140_fsm_hdlc,1,1,True,True,True,True,True
140,Prob140_fsm_hdlc,2,2,True,True,True,True,True
140,Prob140_fsm_hdlc,3,3,True,True,True,True,True
140,Prob140_fsm_hdlc,4,4,True,True,True,True,True
140,Prob140_fsm_hdlc,5,5,True,True,True,True,True
140,Prob140_fsm_hdlc,6,6,True,True,True,True,True
140,Prob140_fsm_hdlc,7,7,True,True,True,True,True
140,Prob140_fsm_hdlc,8,8,True,True,True,True,True
140,Prob140_fsm_hdlc,9,9,True,True,True,True,True
141,Prob141_count_clock,0,0,True,True,True,True,True
141,Prob141_count_clock,1,1,True,True,True,True,True
141,Prob141_count_clock,2,2,True,True,True,True,True
141,Prob141_count_clock,3,3,True,True,True,True,True
141,Prob141_count_clock,4,4,True,True,True,True,True
141,Prob141_count_clock,5,5,True,True,True,True,True
141,Prob141_count_clock,6,6,True,True,True,True,True
141,Prob141_count_clock,7,7,True,True,True,True,True
141,Prob141_count_clock,8,8,True,True,True,True,True
141,Prob141_count_clock,9,9,True,True,True,True,True
142,Prob142_lemmings2,0,0,True,True,True,True,True
142,Prob142_lemmings2,1,1,True,True,True,True,True
142,Prob142_lemmings2,2,2,True,True,True,True,True
142,Prob142_lemmings2,3,3,True,True,True,True,True
142,Prob142_lemmings2,4,4,True,True,True,True,True
142,Prob142_lemmings2,5,5,True,True,True,True,True
142,Prob142_lemmings2,6,6,True,True,True,True,True
142,Prob142_lemmings2,7,7,True,True,True,True,True
142,Prob142_lemmings2,8,8,True,True,True,True,True
142,Prob142_lemmings2,9,9,True,True,True,True,True
143,Prob143_fsm_onehot,0,0,True,True,True,True,True
143,Prob143_fsm_onehot,1,1,True,True,True,True,True
143,Prob143_fsm_onehot,2,2,True,True,True,True,True
143,Prob143_fsm_onehot,3,3,True,True,True,True,True
143,Prob143_fsm_onehot,4,4,True,True,True,True,True
143,Prob143_fsm_onehot,5,5,True,True,True,True,True
143,Prob143_fsm_onehot,6,6,True,True,True,True,True
143,Prob143_fsm_onehot,7,7,True,True,True,True,True
143,Prob143_fsm_onehot,8,8,True,True,True,True,True
143,Prob143_fsm_onehot,9,9,True,True,True,True,True
144,Prob144_conwaylife,0,0,True,True,True,True,True
144,Prob144_conwaylife,1,1,True,True,True,True,True
144,Prob144_conwaylife,2,2,True,True,True,True,True
144,Prob144_conwaylife,3,3,True,True,True,True,True
144,Prob144_conwaylife,4,4,True,True,True,True,True
144,Prob144_conwaylife,5,5,True,True,True,True,True
144,Prob144_conwaylife,6,6,True,True,True,True,True
144,Prob144_conwaylife,7,7,True,True,True,True,True
144,Prob144_conwaylife,8,8,True,True,True,True,True
144,Prob144_conwaylife,9,9,True,True,True,True,True
146,Prob146_fsm_serialdata,0,0,True,True,True,True,True
146,Prob146_fsm_serialdata,2,1,True,True,True,True,True
146,Prob146_fsm_serialdata,3,2,True,True,True,True,True
147,Prob147_circuit10,0,0,True,True,True,True,True
147,Prob147_circuit10,1,1,True,True,True,True,True
147,Prob147_circuit10,2,2,True,True,True,True,True
147,Prob147_circuit10,3,3,True,True,True,True,True
147,Prob147_circuit10,4,4,True,True,True,True,True
147,Prob147_circuit10,5,5,True,True,True,True,True
147,Prob147_circuit10,6,6,True,True,True,True,True
147,Prob147_circuit10,7,7,True,True,True,True,True
147,Prob147_circuit10,8,8,True,True,True,True,True
147,Prob147_circuit10,9,9,True,True,True,True,True
148,Prob148_2013_q2afsm,0,0,True,True,True,True,True
148,Prob148_2013_q2afsm,1,1,True,True,True,True,True
148,Prob148_2013_q2afsm,2,2,True,True,True,True,True
148,Prob148_2013_q2afsm,3,3,True,True,True,True,True
148,Prob148_2013_q2afsm,4,4,True,True,True,True,True
148,Prob148_2013_q2afsm,5,5,True,True,True,True,True
148,Prob148_2013_q2afsm,6,6,True,True,True,True,True
148,Prob148_2013_q2afsm,7,7,True,True,True,True,True
148,Prob148_2013_q2afsm,8,8,True,True,True,True,True
148,Prob148_2013_q2afsm,9,9,True,True,True,True,True
149,Prob149_ece241_2013_q4,0,0,True,True,True,True,True
149,Prob149_ece241_2013_q4,1,1,True,True,True,True,True
149,Prob149_ece241_2013_q4,2,2,True,True,True,True,True
149,Prob149_ece241_2013_q4,3,3,True,True,True,True,True
149,Prob149_ece241_2013_q4,4,4,True,True,True,True,True
149,Prob149_ece241_2013_q4,5,5,True,True,True,True,True
149,Prob149_ece241_2013_q4,6,6,True,True,True,True,True
149,Prob149_ece241_2013_q4,7,7,True,True,True,True,True
149,Prob149_ece241_2013_q4,8,8,True,True,True,True,True
149,Prob149_ece241_2013_q4,9,9,True,True,True,True,True
150,Prob150_review2015_fsmonehot,0,0,True,True,True,True,True
150,Prob150_review2015_fsmonehot,1,1,True,True,True,True,True
150,Prob150_review2015_fsmonehot,2,2,True,True,True,True,True
150,Prob150_review2015_fsmonehot,3,3,True,True,True,True,True
150,Prob150_review2015_fsmonehot,4,4,True,True,True,True,True
150,Prob150_review2015_fsmonehot,5,5,True,True,True,True,True
150,Prob150_review2015_fsmonehot,6,6,True,True,True,True,True
150,Prob150_review2015_fsmonehot,7,7,True,True,True,True,True
150,Prob150_review2015_fsmonehot,8,8,True,True,True,True,True
150,Prob150_review2015_fsmonehot,9,9,True,True,True,True,True
151,Prob151_review2015_fsm,0,0,True,True,True,True,True
151,Prob151_review2015_fsm,1,1,True,True,True,True,True
151,Prob151_review2015_fsm,2,2,True,True,True,True,True
151,Prob151_review2015_fsm,3,3,True,True,True,True,True
151,Prob151_review2015_fsm,4,4,True,True,True,True,True
151,Prob151_review2015_fsm,5,5,True,True,True,True,True
151,Prob151_review2015_fsm,6,6,True,True,True,True,True
151,Prob151_review2015_fsm,7,7,True,True,True,True,True
151,Prob151_review2015_fsm,8,8,True,True,True,True,True
151,Prob151_review2015_fsm,9,9,True,True,True,True,True
152,Prob152_lemmings3,0,0,True,True,True,True,True
152,Prob152_lemmings3,1,1,True,True,True,True,True
152,Prob152_lemmings3,2,2,True,True,True,True,True
152,Prob152_lemmings3,3,3,True,True,True,True,True
152,Prob152_lemmings3,4,4,True,True,True,True,True
152,Prob152_lemmings3,5,5,True,True,True,True,True
152,Prob152_lemmings3,6,6,True,True,True,True,True
152,Prob152_lemmings3,7,7,True,True,True,True,True
152,Prob152_lemmings3,8,8,True,True,True,True,True
152,Prob152_lemmings3,9,9,True,True,True,True,True
153,Prob153_gshare,0,0,True,True,True,True,True
153,Prob153_gshare,1,1,True,True,True,True,True
153,Prob153_gshare,2,2,True,True,True,True,True
153,Prob153_gshare,3,3,True,True,True,True,True
153,Prob153_gshare,4,4,True,True,True,True,True
153,Prob153_gshare,5,5,True,True,True,True,True
153,Prob153_gshare,6,6,True,True,True,True,True
153,Prob153_gshare,7,7,True,True,True,True,True
153,Prob153_gshare,8,8,True,True,True,True,True
153,Prob153_gshare,9,9,True,True,True,True,True
154,Prob154_fsm_ps2data,0,0,True,True,True,True,True
154,Prob154_fsm_ps2data,1,1,True,True,True,True,True
154,Prob154_fsm_ps2data,2,2,True,True,True,True,True
154,Prob154_fsm_ps2data,3,3,True,True,True,True,True
154,Prob154_fsm_ps2data,4,4,True,True,True,True,True
154,Prob154_fsm_ps2data,5,5,True,True,True,True,True
154,Prob154_fsm_ps2data,6,6,True,True,True,True,True
154,Prob154_fsm_ps2data,7,7,True,True,True,True,True
154,Prob154_fsm_ps2data,8,8,True,True,True,True,True
154,Prob154_fsm_ps2data,9,9,True,True,True,True,True
155,Prob155_lemmings4,0,0,True,True,True,True,True
155,Prob155_lemmings4,1,1,True,True,True,True,True
155,Prob155_lemmings4,2,2,True,True,True,True,True
155,Prob155_lemmings4,3,3,True,True,True,True,True
155,Prob155_lemmings4,4,4,True,True,True,True,True
155,Prob155_lemmings4,5,5,True,True,True,True,True
155,Prob155_lemmings4,6,6,True,True,True,True,True
155,Prob155_lemmings4,7,7,True,True,True,True,True
155,Prob155_lemmings4,8,8,True,True,True,True,True
155,Prob155_lemmings4,9,9,True,True,True,True,True
156,Prob156_review2015_fancytimer,0,0,True,True,True,True,True
156,Prob156_review2015_fancytimer,1,1,True,True,True,True,True
156,Prob156_review2015_fancytimer,2,2,True,True,True,True,True
156,Prob156_review2015_fancytimer,3,3,True,True,True,True,True
156,Prob156_review2015_fancytimer,5,4,True,True,True,True,True
156,Prob156_review2015_fancytimer,6,5,True,True,True,True,True
156,Prob156_review2015_fancytimer,7,6,True,True,True,True,True
157,Prob157_parallel_multiplier_8bit,0,0,True,True,True,True,True
157,Prob157_parallel_multiplier_8bit,1,1,True,True,True,True,True
157,Prob157_parallel_multiplier_8bit,2,2,True,True,True,True,True
157,Prob157_parallel_multiplier_8bit,3,3,True,True,True,True,True
157,Prob157_parallel_multiplier_8bit,4,4,True,True,True,True,True
157,Prob157_parallel_multiplier_8bit,5,5,True,True,True,True,True
157,Prob157_parallel_multiplier_8bit,6,6,True,True,True,True,True
157,Prob157_parallel_multiplier_8bit,7,7,True,True,True,True,True
157,Prob157_parallel_multiplier_8bit,8,8,True,True,True,True,True
157,Prob157_parallel_multiplier_8bit,9,9,True,True,True,True,True
159,Prob159_FP16_adder,0,0,False,False,False,False,True
159,Prob159_FP16_adder,1,1,False,False,False,False,True
159,Prob159_FP16_adder,2,2,False,False,False,False,True
159,Prob159_FP16_adder,3,3,False,False,False,False,True
159,Prob159_FP16_adder,4,4,False,False,False,False,True
159,Prob159_FP16_adder,5,5,False,False,False,False,True
159,Prob159_FP16_adder,6,6,False,False,False,False,True
159,Prob159_FP16_adder,7,7,False,False,False,False,True
159,Prob159_FP16_adder,8,8,True,True,True,True,True
159,Prob159_FP16_adder,9,9,True,True,True,True,True
160,Prob160_FP32_multiplier,0,0,True,True,True,True,True
160,Prob160_FP32_multiplier,1,1,True,True,True,True,True
160,Prob160_FP32_multiplier,2,2,True,True,True,True,True
160,Prob160_FP32_multiplier,3,3,True,True,True,True,True
160,Prob160_FP32_multiplier,4,4,True,True,True,True,True
160,Prob160_FP32_multiplier,5,5,True,True,True,True,True
160,Prob160_FP32_multiplier,6,6,True,True,True,True,True
160,Prob160_FP32_multiplier,7,7,True,True,True,True,True
160,Prob160_FP32_multiplier,8,8,True,True,True,True,True
160,Prob160_FP32_multiplier,9,9,False,False,False,False,True
161,Prob161_fixed_point_add,0,0,True,True,True,True,True
161,Prob161_fixed_point_add,1,1,True,True,True,True,True
161,Prob161_fixed_point_add,2,2,True,True,True,True,True
161,Prob161_fixed_point_add,3,3,True,True,True,True,True
161,Prob161_fixed_point_add,4,4,True,True,True,True,True
161,Prob161_fixed_point_add,5,5,True,True,True,True,True
161,Prob161_fixed_point_add,6,6,False,False,False,False,True
161,Prob161_fixed_point_add,7,7,True,True,True,True,True
161,Prob161_fixed_point_add,8,8,True,True,True,True,True
161,Prob161_fixed_point_add,9,9,False,False,False,False,True
162,Prob162_FP32_adder,0,0,True,True,True,True,True
162,Prob162_FP32_adder,1,1,True,True,True,True,True
162,Prob162_FP32_adder,2,2,True,True,True,True,True
162,Prob162_FP32_adder,3,3,True,True,True,True,True
162,Prob162_FP32_adder,4,4,True,True,True,True,True
162,Prob162_FP32_adder,5,5,True,True,True,True,True
162,Prob162_FP32_adder,6,6,True,True,True,True,True
162,Prob162_FP32_adder,7,7,True,True,True,True,True
162,Prob162_FP32_adder,8,8,True,True,True,True,True
162,Prob162_FP32_adder,9,9,True,True,True,True,True
163,Prob163_serial_multiplier,0,0,True,True,True,True,True
163,Prob163_serial_multiplier,1,1,True,True,True,True,True
163,Prob163_serial_multiplier,2,2,True,True,True,True,True
163,Prob163_serial_multiplier,3,3,True,True,True,True,True
163,Prob163_serial_multiplier,4,4,True,True,True,True,True
163,Prob163_serial_multiplier,5,5,True,True,True,True,True
163,Prob163_serial_multiplier,6,6,True,True,True,True,True
163,Prob163_serial_multiplier,7,7,True,True,True,True,True
163,Prob163_serial_multiplier,8,8,True,True,True,True,True
163,Prob163_serial_multiplier,9,9,True,True,True,True,True
164,Prob164_parallel_multiplier_4x4,0,0,True,True,True,True,True
164,Prob164_parallel_multiplier_4x4,1,1,True,True,True,True,True
164,Prob164_parallel_multiplier_4x4,2,2,True,True,True,True,True
164,Prob164_parallel_multiplier_4x4,3,3,True,True,True,True,True
164,Prob164_parallel_multiplier_4x4,4,4,True,True,True,True,True
164,Prob164_parallel_multiplier_4x4,5,5,True,True,True,True,True
164,Prob164_parallel_multiplier_4x4,6,6,True,True,True,True,True
164,Prob164_parallel_multiplier_4x4,7,7,True,True,True,True,True
164,Prob164_parallel_multiplier_4x4,8,8,True,True,True,True,True
164,Prob164_parallel_multiplier_4x4,9,9,True,True,True,True,True
165,Prob165_restoring_divider_8bit,0,0,True,True,True,True,True
165,Prob165_restoring_divider_8bit,1,1,True,True,True,True,True
165,Prob165_restoring_divider_8bit,2,2,True,True,True,True,True
165,Prob165_restoring_divider_8bit,3,3,True,True,True,True,True
165,Prob165_restoring_divider_8bit,4,4,True,True,True,True,True
165,Prob165_restoring_divider_8bit,5,5,True,True,True,True,True
165,Prob165_restoring_divider_8bit,6,6,True,True,True,True,True
165,Prob165_restoring_divider_8bit,7,7,True,True,True,True,True
165,Prob165_restoring_divider_8bit,8,8,True,True,True,True,True
165,Prob165_restoring_divider_8bit,9,9,True,True,True,True,True
166,Prob166_alu_general,0,0,True,True,True,True,True
166,Prob166_alu_general,1,1,True,True,True,True,True
166,Prob166_alu_general,2,2,True,True,True,True,True
166,Prob166_alu_general,3,3,True,True,True,True,True
166,Prob166_alu_general,4,4,True,True,True,True,True
166,Prob166_alu_general,5,5,True,True,True,True,True
166,Prob166_alu_general,6,6,True,True,True,True,True
166,Prob166_alu_general,7,7,True,True,True,True,True
166,Prob166_alu_general,8,8,True,True,True,True,True
166,Prob166_alu_general,9,9,True,True,True,True,True
167,Prob167_complex_mul_pipelined,0,0,True,True,True,True,True
167,Prob167_complex_mul_pipelined,1,1,True,True,True,True,True
167,Prob167_complex_mul_pipelined,2,2,True,True,True,True,True
167,Prob167_complex_mul_pipelined,3,3,True,True,True,True,True
167,Prob167_complex_mul_pipelined,4,4,True,True,True,True,True
167,Prob167_complex_mul_pipelined,5,5,True,True,True,True,True
167,Prob167_complex_mul_pipelined,6,6,True,True,True,True,True
167,Prob167_complex_mul_pipelined,7,7,True,True,True,True,True
167,Prob167_complex_mul_pipelined,8,8,True,True,True,True,True
167,Prob167_complex_mul_pipelined,9,9,True,True,True,True,True
168,Prob168_sqrt_int,0,0,True,True,True,True,True
168,Prob168_sqrt_int,1,1,True,True,True,True,True
168,Prob168_sqrt_int,2,2,True,True,True,True,True
168,Prob168_sqrt_int,3,3,True,True,True,True,True
168,Prob168_sqrt_int,4,4,True,True,True,True,True
168,Prob168_sqrt_int,5,5,True,True,True,True,True
168,Prob168_sqrt_int,6,6,True,True,True,True,True
168,Prob168_sqrt_int,7,7,True,True,True,True,True
168,Prob168_sqrt_int,8,8,True,True,True,True,True
168,Prob168_sqrt_int,9,9,True,True,True,True,True
169,Prob169_leading_zero_count,0,0,True,True,True,True,True
169,Prob169_leading_zero_count,1,1,True,True,True,True,True
169,Prob169_leading_zero_count,2,2,True,True,True,True,True
169,Prob169_leading_zero_count,3,3,True,True,True,True,True
169,Prob169_leading_zero_count,4,4,True,True,True,True,True
169,Prob169_leading_zero_count,5,5,True,True,True,True,True
169,Prob169_leading_zero_count,6,6,True,True,True,True,True
169,Prob169_leading_zero_count,7,7,True,True,True,True,True
169,Prob169_leading_zero_count,8,8,True,True,True,True,True
169,Prob169_leading_zero_count,9,9,True,True,True,True,True
170,Prob170_spi_master_mode0,0,0,True,True,True,True,True
170,Prob170_spi_master_mode0,1,1,True,True,True,True,True
170,Prob170_spi_master_mode0,2,2,True,True,True,True,True
170,Prob170_spi_master_mode0,3,3,True,True,True,True,True
170,Prob170_spi_master_mode0,4,4,True,True,True,True,True
170,Prob170_spi_master_mode0,5,5,True,True,True,True,True
170,Prob170_spi_master_mode0,6,6,True,True,True,True,True
170,Prob170_spi_master_mode0,7,7,True,True,True,True,True
170,Prob170_spi_master_mode0,8,8,True,True,True,True,True
170,Prob170_spi_master_mode0,9,9,True,True,True,True,True
172,Prob172_i2c_bitbang,0,0,True,True,True,True,True
172,Prob172_i2c_bitbang,1,1,True,True,True,True,True
172,Prob172_i2c_bitbang,2,2,True,True,True,True,True
172,Prob172_i2c_bitbang,3,3,True,True,True,True,True
172,Prob172_i2c_bitbang,4,4,True,True,True,True,True
172,Prob172_i2c_bitbang,5,5,True,True,True,True,True
172,Prob172_i2c_bitbang,6,6,True,True,True,True,True
172,Prob172_i2c_bitbang,7,7,True,True,True,True,True
172,Prob172_i2c_bitbang,8,8,True,True,True,True,True
172,Prob172_i2c_bitbang,9,9,True,True,True,True,True
173,Prob173_UART_RX,0,0,True,True,True,True,True
173,Prob173_UART_RX,1,1,True,True,True,True,True
173,Prob173_UART_RX,2,2,True,True,True,True,True
173,Prob173_UART_RX,3,3,True,True,True,True,True
174,Prob174_apb_slave,0,0,True,True,True,True,True
174,Prob174_apb_slave,1,1,True,True,True,True,True
174,Prob174_apb_slave,4,2,True,True,True,True,True
174,Prob174_apb_slave,5,3,True,True,True,True,True
174,Prob174_apb_slave,6,4,True,True,True,True,True
174,Prob174_apb_slave,7,5,True,True,True,True,True
174,Prob174_apb_slave,8,6,True,True,True,True,True
175,Prob175_UART_TX,0,0,True,True,True,True,True
175,Prob175_UART_TX,1,1,True,True,True,True,True
175,Prob175_UART_TX,2,2,True,True,True,True,True
175,Prob175_UART_TX,3,3,True,True,True,True,True
176,Prob176_vga_timing,0,0,True,True,True,True,True
176,Prob176_vga_timing,1,1,True,True,True,True,True
176,Prob176_vga_timing,2,2,True,True,True,True,True
176,Prob176_vga_timing,3,3,True,True,True,True,True
176,Prob176_vga_timing,4,4,True,True,True,True,True
176,Prob176_vga_timing,5,5,True,True,True,True,True
176,Prob176_vga_timing,6,6,True,True,True,True,True
176,Prob176_vga_timing,7,7,True,True,True,True,True
176,Prob176_vga_timing,8,8,True,True,True,True,True
176,Prob176_vga_timing,9,9,True,True,True,True,True
177,Prob177_manchester_enc,0,0,True,True,True,True,True
177,Prob177_manchester_enc,1,1,True,True,True,True,True
177,Prob177_manchester_enc,2,2,True,True,True,True,True
177,Prob177_manchester_enc,3,3,True,True,True,True,True
177,Prob177_manchester_enc,4,4,True,True,True,True,True
177,Prob177_manchester_enc,5,5,True,True,True,True,True
177,Prob177_manchester_enc,6,6,True,True,True,True,True
177,Prob177_manchester_enc,7,7,True,True,True,True,True
177,Prob177_manchester_enc,8,8,True,True,True,True,True
177,Prob177_manchester_enc,9,9,True,True,True,True,True
178,Prob178_mdio_interface,0,0,True,True,True,True,True
178,Prob178_mdio_interface,1,1,True,True,True,True,True
178,Prob178_mdio_interface,2,2,True,True,True,True,True
178,Prob178_mdio_interface,3,3,True,True,True,True,True
178,Prob178_mdio_interface,4,4,True,True,True,True,True
178,Prob178_mdio_interface,5,5,True,True,True,True,True
178,Prob178_mdio_interface,6,6,True,True,True,True,True
178,Prob178_mdio_interface,7,7,True,True,True,True,True
178,Prob178_mdio_interface,8,8,True,True,True,True,True
178,Prob178_mdio_interface,9,9,True,True,True,True,True
179,Prob179_ps2_host_tx,0,0,True,True,True,True,True
179,Prob179_ps2_host_tx,1,1,True,True,True,True,True
179,Prob179_ps2_host_tx,2,2,True,True,True,True,True
179,Prob179_ps2_host_tx,3,3,True,True,True,True,True
179,Prob179_ps2_host_tx,4,4,True,True,True,True,True
179,Prob179_ps2_host_tx,5,5,True,True,True,True,True
179,Prob179_ps2_host_tx,6,6,True,True,True,True,True
179,Prob179_ps2_host_tx,7,7,True,True,True,True,True
179,Prob179_ps2_host_tx,8,8,True,True,True,True,True
179,Prob179_ps2_host_tx,9,9,True,True,True,True,True
180,Prob180_fifo_sync,0,0,True,True,True,True,True
180,Prob180_fifo_sync,1,1,True,True,True,True,True
180,Prob180_fifo_sync,2,2,True,True,True,True,True
180,Prob180_fifo_sync,3,3,True,True,True,True,True
180,Prob180_fifo_sync,4,4,True,True,True,True,True
180,Prob180_fifo_sync,5,5,True,True,True,True,True
180,Prob180_fifo_sync,6,6,True,True,True,True,True
180,Prob180_fifo_sync,7,7,True,True,True,True,True
180,Prob180_fifo_sync,8,8,True,True,True,True,True
180,Prob180_fifo_sync,9,9,True,True,True,True,True
181,Prob181_fifo_async,0,0,True,True,True,True,True
181,Prob181_fifo_async,1,1,True,True,True,True,True
181,Prob181_fifo_async,2,2,True,True,True,True,True
181,Prob181_fifo_async,3,3,True,True,True,True,True
181,Prob181_fifo_async,4,4,True,True,True,True,True
181,Prob181_fifo_async,5,5,True,True,True,True,True
181,Prob181_fifo_async,6,6,True,True,True,True,True
181,Prob181_fifo_async,7,7,True,True,True,True,True
181,Prob181_fifo_async,8,8,True,True,True,True,True
182,Prob182_cdc_pulse,0,0,True,True,True,True,True
182,Prob182_cdc_pulse,1,1,True,True,True,True,True
182,Prob182_cdc_pulse,2,2,True,True,True,True,True
182,Prob182_cdc_pulse,3,3,True,True,True,True,True
182,Prob182_cdc_pulse,4,4,True,True,True,True,True
182,Prob182_cdc_pulse,5,5,True,True,True,True,True
182,Prob182_cdc_pulse,6,6,True,True,True,True,True
182,Prob182_cdc_pulse,7,7,True,True,True,True,True
182,Prob182_cdc_pulse,8,8,True,True,True,True,True
182,Prob182_cdc_pulse,9,9,True,True,True,True,True
183,Prob183_cdc_handshake,0,0,True,True,True,True,True
183,Prob183_cdc_handshake,1,1,True,True,True,True,True
183,Prob183_cdc_handshake,2,2,True,True,True,True,True
183,Prob183_cdc_handshake,3,3,True,True,True,True,True
183,Prob183_cdc_handshake,4,4,True,True,True,True,True
183,Prob183_cdc_handshake,5,5,True,True,True,True,True
183,Prob183_cdc_handshake,6,6,True,True,True,True,True
183,Prob183_cdc_handshake,7,7,True,True,True,True,True
183,Prob183_cdc_handshake,8,8,True,True,True,True,True
183,Prob183_cdc_handshake,9,9,True,True,True,True,True
184,Prob184_ram_dual_port,0,0,True,True,True,True,True
184,Prob184_ram_dual_port,1,1,True,True,True,True,True
184,Prob184_ram_dual_port,2,2,True,True,True,True,True
184,Prob184_ram_dual_port,3,3,True,True,True,True,True
184,Prob184_ram_dual_port,4,4,True,True,True,True,True
184,Prob184_ram_dual_port,5,5,True,True,True,True,True
184,Prob184_ram_dual_port,6,6,True,True,True,True,True
184,Prob184_ram_dual_port,7,7,True,True,True,True,True
184,Prob184_ram_dual_port,8,8,True,True,True,True,True
184,Prob184_ram_dual_port,9,9,True,True,True,True,True
185,Prob185_stack_memory,0,0,True,True,True,True,True
185,Prob185_stack_memory,1,1,True,True,True,True,True
185,Prob185_stack_memory,2,2,True,True,True,True,True
185,Prob185_stack_memory,3,3,True,True,True,True,True
185,Prob185_stack_memory,4,4,True,True,True,True,True
185,Prob185_stack_memory,5,5,True,True,True,True,True
185,Prob185_stack_memory,6,6,True,True,True,True,True
185,Prob185_stack_memory,7,7,True,True,True,True,True
185,Prob185_stack_memory,8,8,True,True,True,True,True
185,Prob185_stack_memory,9,9,True,True,True,True,True
186,Prob186_shift_register_ram,0,0,True,True,True,True,True
186,Prob186_shift_register_ram,1,1,True,True,True,True,True
186,Prob186_shift_register_ram,2,2,True,True,True,True,True
186,Prob186_shift_register_ram,3,3,True,True,True,True,True
186,Prob186_shift_register_ram,4,4,True,True,True,True,True
186,Prob186_shift_register_ram,5,5,True,True,True,True,True
186,Prob186_shift_register_ram,6,6,True,True,True,True,True
186,Prob186_shift_register_ram,7,7,True,True,True,True,True
186,Prob186_shift_register_ram,8,8,True,True,True,True,True
186,Prob186_shift_register_ram,9,9,True,True,True,True,True
187,Prob187_arbiter_rr,0,0,True,True,True,True,True
187,Prob187_arbiter_rr,1,1,True,True,True,True,True
187,Prob187_arbiter_rr,2,2,True,True,True,True,True
187,Prob187_arbiter_rr,3,3,True,True,True,True,True
187,Prob187_arbiter_rr,4,4,True,True,True,True,True
187,Prob187_arbiter_rr,5,5,True,True,True,True,True
187,Prob187_arbiter_rr,6,6,True,True,True,True,True
187,Prob187_arbiter_rr,7,7,True,True,True,True,True
187,Prob187_arbiter_rr,8,8,True,True,True,True,True
187,Prob187_arbiter_rr,9,9,True,True,True,True,True
188,Prob188_arbiter_fixed,0,0,True,True,True,True,True
188,Prob188_arbiter_fixed,1,1,False,False,False,False,True
188,Prob188_arbiter_fixed,2,2,True,True,True,True,True
188,Prob188_arbiter_fixed,3,3,True,True,True,True,True
188,Prob188_arbiter_fixed,4,4,True,True,True,True,True
188,Prob188_arbiter_fixed,5,5,True,True,True,True,True
188,Prob188_arbiter_fixed,6,6,True,True,True,True,True
188,Prob188_arbiter_fixed,7,7,True,True,True,True,True
188,Prob188_arbiter_fixed,8,8,True,True,True,True,True
188,Prob188_arbiter_fixed,9,9,True,True,True,True,True
189,Prob189_skid_buffer,0,0,True,True,True,True,True
189,Prob189_skid_buffer,1,1,True,True,True,True,True
189,Prob189_skid_buffer,2,2,True,True,True,True,True
189,Prob189_skid_buffer,3,3,True,True,True,True,True
189,Prob189_skid_buffer,4,4,True,True,True,True,True
189,Prob189_skid_buffer,5,5,True,True,True,True,True
189,Prob189_skid_buffer,6,6,True,True,True,True,True
189,Prob189_skid_buffer,7,7,True,True,True,True,True
189,Prob189_skid_buffer,8,8,True,True,True,True,True
189,Prob189_skid_buffer,9,9,True,True,True,True,True
190,Prob190_fir_filter_4tap,0,0,True,True,True,True,True
190,Prob190_fir_filter_4tap,1,1,True,True,True,True,True
190,Prob190_fir_filter_4tap,2,2,True,True,True,True,True
190,Prob190_fir_filter_4tap,3,3,True,True,True,True,True
190,Prob190_fir_filter_4tap,4,4,True,True,True,True,True
190,Prob190_fir_filter_4tap,5,5,True,True,True,True,True
190,Prob190_fir_filter_4tap,6,6,True,True,True,True,True
190,Prob190_fir_filter_4tap,7,7,True,True,True,True,True
190,Prob190_fir_filter_4tap,8,8,True,True,True,True,True
190,Prob190_fir_filter_4tap,9,9,True,True,True,True,True
191,Prob191_moving_average,0,0,True,True,True,True,True
191,Prob191_moving_average,1,1,True,True,True,True,True
191,Prob191_moving_average,2,2,True,True,True,True,True
191,Prob191_moving_average,3,3,True,True,True,True,True
191,Prob191_moving_average,4,4,True,True,True,True,True
191,Prob191_moving_average,5,5,True,True,True,True,True
191,Prob191_moving_average,6,6,True,True,True,True,True
191,Prob191_moving_average,7,7,True,True,True,True,True
191,Prob191_moving_average,8,8,True,True,True,True,True
191,Prob191_moving_average,9,9,True,True,True,True,True
192,Prob192_cordic_rotation,0,0,True,True,True,True,True
192,Prob192_cordic_rotation,1,1,True,True,True,True,True
192,Prob192_cordic_rotation,2,2,True,True,True,True,True
192,Prob192_cordic_rotation,3,3,True,True,True,True,True
192,Prob192_cordic_rotation,4,4,True,True,True,True,True
192,Prob192_cordic_rotation,5,5,True,True,True,True,True
192,Prob192_cordic_rotation,6,6,True,True,True,True,True
193,Prob193_edge_sobel,0,0,True,True,True,True,True
193,Prob193_edge_sobel,1,1,True,True,True,True,True
193,Prob193_edge_sobel,2,2,True,True,True,True,True
193,Prob193_edge_sobel,3,3,True,True,True,True,True
193,Prob193_edge_sobel,4,4,True,True,True,True,True
193,Prob193_edge_sobel,5,5,True,True,True,True,True
193,Prob193_edge_sobel,6,6,True,True,True,True,True
193,Prob193_edge_sobel,7,7,True,True,True,True,True
193,Prob193_edge_sobel,8,8,True,True,True,True,True
193,Prob193_edge_sobel,9,9,True,True,True,True,True
194,Prob194_rgb_to_gray,0,0,True,True,True,True,True
194,Prob194_rgb_to_gray,1,1,True,True,True,True,True
194,Prob194_rgb_to_gray,2,2,True,True,True,True,True
194,Prob194_rgb_to_gray,3,3,True,True,True,True,True
194,Prob194_rgb_to_gray,4,4,True,True,True,True,True
194,Prob194_rgb_to_gray,5,5,True,True,True,True,True
194,Prob194_rgb_to_gray,6,6,True,True,True,True,True
194,Prob194_rgb_to_gray,7,7,True,True,True,True,True
194,Prob194_rgb_to_gray,8,8,True,True,True,True,True
194,Prob194_rgb_to_gray,9,9,True,True,True,True,True
195,Prob195_pwm_gen,0,0,True,True,True,True,True
195,Prob195_pwm_gen,1,1,True,True,True,True,True
195,Prob195_pwm_gen,2,2,True,True,True,True,True
195,Prob195_pwm_gen,3,3,True,True,True,True,True
195,Prob195_pwm_gen,4,4,True,True,True,True,True
195,Prob195_pwm_gen,5,5,True,True,True,True,True
195,Prob195_pwm_gen,6,6,True,True,True,True,True
195,Prob195_pwm_gen,7,7,True,True,True,True,True
196,Prob196_dds_sine,0,0,True,True,True,True,True
196,Prob196_dds_sine,1,1,True,True,True,True,True
196,Prob196_dds_sine,2,2,True,True,True,True,True
196,Prob196_dds_sine,3,3,True,True,True,True,True
196,Prob196_dds_sine,4,4,True,True,True,True,True
196,Prob196_dds_sine,5,5,True,True,True,True,True
196,Prob196_dds_sine,6,6,True,True,True,True,True
196,Prob196_dds_sine,7,7,True,True,True,True,True
196,Prob196_dds_sine,8,8,True,True,True,True,True
196,Prob196_dds_sine,9,9,True,True,True,True,True
197,Prob197_crc_8,0,0,True,True,True,True,True
197,Prob197_crc_8,1,1,True,True,True,True,True
197,Prob197_crc_8,2,2,True,True,True,True,True
197,Prob197_crc_8,3,3,True,True,True,True,True
197,Prob197_crc_8,4,4,True,True,True,True,True
197,Prob197_crc_8,5,5,True,True,True,True,True
197,Prob197_crc_8,6,6,True,True,True,True,True
197,Prob197_crc_8,7,7,True,True,True,True,True
197,Prob197_crc_8,8,8,True,True,True,True,True
197,Prob197_crc_8,9,9,False,False,False,False,True
198,Prob198_hamming_ecc,0,0,True,True,True,True,True
198,Prob198_hamming_ecc,1,1,True,True,True,True,True
198,Prob198_hamming_ecc,2,2,True,True,True,True,True
198,Prob198_hamming_ecc,3,3,True,True,True,True,True
198,Prob198_hamming_ecc,4,4,True,True,True,True,True
198,Prob198_hamming_ecc,5,5,True,True,True,True,True
198,Prob198_hamming_ecc,6,6,True,True,True,True,True
198,Prob198_hamming_ecc,7,7,True,True,True,True,True
198,Prob198_hamming_ecc,8,8,True,True,True,True,True
198,Prob198_hamming_ecc,9,9,True,True,True,True,True
199,Prob199_pattern_match,0,0,True,True,True,True,True
199,Prob199_pattern_match,1,1,True,True,True,True,True
199,Prob199_pattern_match,2,2,True,True,True,True,True
199,Prob199_pattern_match,3,3,True,True,True,True,True
199,Prob199_pattern_match,4,4,True,True,True,True,True
199,Prob199_pattern_match,5,5,True,True,True,True,True
199,Prob199_pattern_match,6,6,True,True,True,True,True
199,Prob199_pattern_match,7,7,True,True,True,True,True
199,Prob199_pattern_match,8,8,True,True,True,True,True
199,Prob199_pattern_match,9,9,True,True,True,True,True
200,Prob200_clock_div_odd,0,0,True,True,True,True,True
200,Prob200_clock_div_odd,1,1,True,True,True,True,True
200,Prob200_clock_div_odd,2,2,True,True,True,True,True
200,Prob200_clock_div_odd,3,3,True,True,True,True,True
200,Prob200_clock_div_odd,4,4,True,True,True,True,True
200,Prob200_clock_div_odd,5,5,True,True,True,True,True
200,Prob200_clock_div_odd,6,6,True,True,True,True,True
200,Prob200_clock_div_odd,7,7,True,True,True,True,True
200,Prob200_clock_div_odd,8,8,True,True,True,True,True
200,Prob200_clock_div_odd,9,9,True,True,True,True,True
201,Prob201_clock_div_frac,0,0,True,True,True,True,True
201,Prob201_clock_div_frac,1,1,True,True,True,True,True
201,Prob201_clock_div_frac,2,2,True,True,True,True,True
201,Prob201_clock_div_frac,3,3,True,True,True,True,True
201,Prob201_clock_div_frac,4,4,True,True,True,True,True
201,Prob201_clock_div_frac,5,5,True,True,True,True,True
201,Prob201_clock_div_frac,6,6,True,True,True,True,True
201,Prob201_clock_div_frac,7,7,True,True,True,True,True
201,Prob201_clock_div_frac,8,8,True,True,True,True,True
201,Prob201_clock_div_frac,9,9,True,True,True,True,True
202,Prob202_reset_sync,0,0,True,True,True,True,True
202,Prob202_reset_sync,1,1,True,True,True,True,True
202,Prob202_reset_sync,2,2,True,True,True,True,True
203,Prob203_debouncer_glitch,0,0,True,True,True,True,True
203,Prob203_debouncer_glitch,1,1,True,True,True,True,True
203,Prob203_debouncer_glitch,2,2,True,True,True,True,True
203,Prob203_debouncer_glitch,3,3,True,True,True,True,True
204,Prob204_traffic_light_sensor,0,0,True,True,True,True,True
204,Prob204_traffic_light_sensor,1,1,True,True,True,True,True
204,Prob204_traffic_light_sensor,2,2,True,True,True,True,True
204,Prob204_traffic_light_sensor,3,3,True,True,True,True,True
204,Prob204_traffic_light_sensor,4,4,True,True,True,True,True
204,Prob204_traffic_light_sensor,5,5,True,True,True,True,True
204,Prob204_traffic_light_sensor,6,6,True,True,True,True,True
204,Prob204_traffic_light_sensor,7,7,True,True,True,True,True
204,Prob204_traffic_light_sensor,8,8,True,True,True,True,True
205,Prob205_vending_machine,0,0,True,True,True,True,True
205,Prob205_vending_machine,1,1,True,True,True,True,True
205,Prob205_vending_machine,2,2,True,True,True,True,True
205,Prob205_vending_machine,3,3,True,True,True,True,True
205,Prob205_vending_machine,4,4,True,True,True,True,True
205,Prob205_vending_machine,5,5,True,True,True,True,True
205,Prob205_vending_machine,6,6,True,True,True,True,True
205,Prob205_vending_machine,7,7,True,True,True,True,True
205,Prob205_vending_machine,8,8,True,True,True,True,True
205,Prob205_vending_machine,9,9,True,True,True,True,True
206,Prob206_elevator_ctrl,0,0,True,True,True,True,True
206,Prob206_elevator_ctrl,1,1,True,True,True,True,True
206,Prob206_elevator_ctrl,2,2,True,True,True,True,True
206,Prob206_elevator_ctrl,3,3,True,True,True,True,True
206,Prob206_elevator_ctrl,4,4,True,True,True,True,True
206,Prob206_elevator_ctrl,5,5,True,True,True,True,True
206,Prob206_elevator_ctrl,6,6,True,True,True,True,True
206,Prob206_elevator_ctrl,7,7,True,True,True,True,True
206,Prob206_elevator_ctrl,8,8,True,True,True,True,True
206,Prob206_elevator_ctrl,9,9,True,True,True,True,True
207,Prob207_watchdog_timer,0,0,True,True,True,True,True
207,Prob207_watchdog_timer,1,1,True,True,True,True,True
207,Prob207_watchdog_timer,2,2,True,True,True,True,True
207,Prob207_watchdog_timer,3,3,True,True,True,True,True
207,Prob207_watchdog_timer,4,4,True,True,True,True,True
207,Prob207_watchdog_timer,5,5,True,True,True,True,True
208,Prob208_frequency_meter,0,0,True,True,True,True,True
208,Prob208_frequency_meter,1,1,True,True,True,True,True
208,Prob208_frequency_meter,2,2,True,True,True,True,True
208,Prob208_frequency_meter,3,3,True,True,True,True,True
208,Prob208_frequency_meter,4,4,True,True,True,True,True
208,Prob208_frequency_meter,5,5,True,True,True,True,True
209,Prob209_pipeline_stall,0,0,True,True,True,True,True
209,Prob209_pipeline_stall,1,1,True,True,True,True,True
209,Prob209_pipeline_stall,2,2,True,True,True,True,True
209,Prob209_pipeline_stall,3,3,True,True,True,True,True
209,Prob209_pipeline_stall,4,4,True,True,True,True,True
209,Prob209_pipeline_stall,5,5,True,True,True,True,True
209,Prob209_pipeline_stall,6,6,True,True,True,True,True
209,Prob209_pipeline_stall,7,7,True,True,True,True,True
209,Prob209_pipeline_stall,8,8,True,True,True,True,True
209,Prob209_pipeline_stall,9,9,True,True,True,True,True
